{
  "banks_1": "manage bank accounts and transfer money",
  "buses_1": "book bus journeys from the biggest bus network in the country",
  "buses_2": "find a bus to take you to the city you want",
  "calendar_1": "calendar service to manage personal events and reservations",
  "events_1": "the comprehensive portal to find and reserve seats at events near you",
  "events_2": "get tickets for the coolest concerts and sports in your area",
  "flights_1": "find your next flight",
  "flights_2": "search for cheap flights across multiple providers",
  "homes_1": "a widely used service for finding apartments and scheduling visits",
  "hotels_1": "a popular service for searching and reserving rooms in hotels",
  "hotels_2": "a popular service for searching and booking houses for short term stay",
  "hotels_3": "a leading provider for searching and booking hotel rooms",
  "media_1": "a leading provider of movies for searching and watching on-demand",
  "movies_1": "a go-to provider for finding movies, searching for show times and booking tickets",
  "music_1": "a popular provider of a wide range of music content for searching and listening",
  "music_2": "a widely used service for finding and playing music from a variety of genres and artists",
  "rentalcars_1": "car rental service with extensive coverage of locations and cars",
  "rentalcars_2": "car rental service, available worldwide",
  "restaurants_1": "a leading provider for restaurant search and reservations",
  "ridesharing_1": "on-demand taxi calling service",
  "ridesharing_2": "app to book a cab to any destination",
  "services_1": "a widely used service for finding and reserving the hair stylist of your choice",
  "services_2": "the go-to service for finding and booking appointments with top rated dentists",
  "services_3": "a popular provider for finding the right doctor for your needs. also allows you to schedule your visit to the doctor",
  "travel_1": "the biggest database of tourist attractions and points of interest",
  "weather_1": "check the weather for any place and any date",
  "alarm_1": "manage alarms by getting and setting them easily",
  "banks_2": "service to manage your bank accounts and finances",
  "flights_3": "find one way and round trip flights to your favorite city",
  "hotels_4": "accommodation searching and booking portal",
  "media_2": "the widest selection and lowest prices for movie rentals",
  "movies_2": "the definitive database to discover new movies to watch",
  "restaurants_2": "a popular restaurant search and reservation service",
  "services_4": "discover the right therapist for you and make reservations easily",
  "buses_3": "affordable and comfortable bus travel across the country",
  "events_3": "find and book tickets to any cultural events in your area",
  "flights_4": "find cheap flights in seconds and book flights",
  "homes_2": "service for finding properties to buy and rent",
  "media_3": "enjoy instant and unlimited access to best shows, movies, comedy, sports, documentaries and more.",
  "messaging_1": "connect and share locations with your contacts",
  "movies_3": "a review-aggregation website for movies and television",
  "music_3": "a free, personalized platform that plays music you'll love. discover new music and enjoy old favorites.",
  "payment_1": "the fast, simple way to pay in apps, on the web, and in millions of stores",
  "rentalcars_3": "a leading global provider of car rental solutions",
  "trains_1": "service to find and reserve train journeys between cities"
}