{
  "banks_1": {
    "account_type": {
      "description": "the account type of the user",
      "is_categorical": true,
      "possible_values": [
        "checking",
        "savings"
      ]
    },
    "recipient_account_type": {
      "description": "the account type of the recipient whom the user is transfering money to",
      "is_categorical": true,
      "possible_values": [
        "checking",
        "savings"
      ]
    },
    "balance": {
      "description": "the amount of money held in a bank account at a given time",
      "is_categorical": false,
      "possible_values": []
    },
    "amount": {
      "description": "the amount of money to transfer",
      "is_categorical": false,
      "possible_values": []
    },
    "recipient_account_name": {
      "description": "the account name of the recipient who is to receive the transfered money",
      "is_categorical": false,
      "possible_values": []
    }
  },
  "buses_1": {
    "from_location": {
      "description": "city where bus is leaving from",
      "is_categorical": false,
      "possible_values": []
    },
    "to_location": {
      "description": "city where bus is going to",
      "is_categorical": false,
      "possible_values": []
    },
    "from_station": {
      "description": "station where bus is leaving from",
      "is_categorical": false,
      "possible_values": []
    },
    "to_station": {
      "description": "station where bus is going to",
      "is_categorical": false,
      "possible_values": []
    },
    "leaving_date": {
      "description": "date of bus leaving for journey",
      "is_categorical": false,
      "possible_values": []
    },
    "leaving_time": {
      "description": "time of bus leaving for journey",
      "is_categorical": false,
      "possible_values": []
    },
    "fare": {
      "description": "fare per ticket for journey",
      "is_categorical": false,
      "possible_values": []
    },
    "travelers": {
      "description": "number of travelers for journey",
      "is_categorical": true,
      "possible_values": [
        "1",
        "2",
        "3",
        "4",
        "5"
      ]
    },
    "transfers": {
      "description": "number of transfers in journey",
      "is_categorical": true,
      "possible_values": [
        "0",
        "1"
      ]
    }
  },
  "buses_2": {
    "origin": {
      "description": "origin city for journey",
      "is_categorical": false,
      "possible_values": []
    },
    "destination": {
      "description": "destination city for journey",
      "is_categorical": false,
      "possible_values": []
    },
    "origin_station_name": {
      "description": "name of the bus terminus at the origin",
      "is_categorical": false,
      "possible_values": []
    },
    "destination_station_name": {
      "description": "name of the bus terminus at the destination",
      "is_categorical": false,
      "possible_values": []
    },
    "departure_date": {
      "description": "date of bus departure",
      "is_categorical": false,
      "possible_values": []
    },
    "price": {
      "description": "price per ticket of the itinerary",
      "is_categorical": false,
      "possible_values": []
    },
    "departure_time": {
      "description": "time of bus departure",
      "is_categorical": false,
      "possible_values": []
    },
    "group_size": {
      "description": "size of group for the booking",
      "is_categorical": true,
      "possible_values": [
        "1",
        "2",
        "3",
        "4",
        "5"
      ]
    },
    "fare_type": {
      "description": "type of fare for the booking",
      "is_categorical": true,
      "possible_values": [
        "economy",
        "economy extra",
        "flexible"
      ]
    }
  },
  "calendar_1": {
    "event_date": {
      "description": "date of event or for checking availability",
      "is_categorical": false,
      "possible_values": []
    },
    "event_time": {
      "description": "start time of event",
      "is_categorical": false,
      "possible_values": []
    },
    "event_location": {
      "description": "location of event",
      "is_categorical": false,
      "possible_values": []
    },
    "event_name": {
      "description": "title of event",
      "is_categorical": false,
      "possible_values": []
    },
    "available_start_time": {
      "description": "starting time of available time slot",
      "is_categorical": false,
      "possible_values": []
    },
    "available_end_time": {
      "description": "ending time of available time slot",
      "is_categorical": false,
      "possible_values": []
    }
  },
  "events_1": {
    "category": {
      "description": "type of event",
      "is_categorical": true,
      "possible_values": [
        "music",
        "sports"
      ]
    },
    "subcategory": {
      "description": "subcategory of event, either a music genre or sport name",
      "is_categorical": false,
      "possible_values": []
    },
    "event_name": {
      "description": "name of event",
      "is_categorical": false,
      "possible_values": []
    },
    "date": {
      "description": "date of occurrence of event",
      "is_categorical": false,
      "possible_values": []
    },
    "time": {
      "description": "time when the event is scheduled to start",
      "is_categorical": false,
      "possible_values": []
    },
    "number_of_seats": {
      "description": "number of seats to find event tickets for",
      "is_categorical": true,
      "possible_values": [
        "1",
        "2",
        "3",
        "4",
        "5",
        "6",
        "7",
        "8",
        "9"
      ]
    },
    "city_of_event": {
      "description": "city where event is happening",
      "is_categorical": false,
      "possible_values": []
    },
    "event_location": {
      "description": "name of event location",
      "is_categorical": false,
      "possible_values": []
    },
    "address_of_location": {
      "description": "street address of event location",
      "is_categorical": false,
      "possible_values": []
    }
  },
  "events_2": {
    "event_type": {
      "description": "type of event",
      "is_categorical": true,
      "possible_values": [
        "music",
        "sports"
      ]
    },
    "category": {
      "description": "the sport or music subcategory",
      "is_categorical": false,
      "possible_values": []
    },
    "event_name": {
      "description": "name of match or artist for event",
      "is_categorical": false,
      "possible_values": []
    },
    "date": {
      "description": "date of event",
      "is_categorical": false,
      "possible_values": []
    },
    "time": {
      "description": "starting time for event",
      "is_categorical": false,
      "possible_values": []
    },
    "number_of_tickets": {
      "description": "number of tickets to buy for event",
      "is_categorical": true,
      "possible_values": [
        "1",
        "2",
        "3",
        "4",
        "5",
        "6",
        "7",
        "8",
        "9"
      ]
    },
    "city": {
      "description": "city where the event is taking place",
      "is_categorical": false,
      "possible_values": []
    },
    "venue": {
      "description": "exact venue of event",
      "is_categorical": false,
      "possible_values": []
    },
    "venue_address": {
      "description": "address of event venue",
      "is_categorical": false,
      "possible_values": []
    }
  },
  "flights_1": {
    "passengers": {
      "description": "number of passengers in the booking",
      "is_categorical": true,
      "possible_values": [
        "1",
        "2",
        "3",
        "4"
      ]
    },
    "seating_class": {
      "description": "seating class for the booking",
      "is_categorical": true,
      "possible_values": [
        "economy",
        "premium economy",
        "business",
        "first class"
      ]
    },
    "origin_city": {
      "description": "starting city for the trip",
      "is_categorical": false,
      "possible_values": []
    },
    "destination_city": {
      "description": "ending city for the trip",
      "is_categorical": false,
      "possible_values": []
    },
    "origin_airport": {
      "description": "airport at the starting city for the trip",
      "is_categorical": false,
      "possible_values": []
    },
    "destination_airport": {
      "description": "airport at the ending city for the trip",
      "is_categorical": false,
      "possible_values": []
    },
    "departure_date": {
      "description": "start date for the trip",
      "is_categorical": false,
      "possible_values": []
    },
    "return_date": {
      "description": "date of the return flight",
      "is_categorical": false,
      "possible_values": []
    },
    "number_stops": {
      "description": "number of layovers in the flight",
      "is_categorical": true,
      "possible_values": [
        "0",
        "1"
      ]
    },
    "outbound_departure_time": {
      "description": "departure time for the outbound leg flight",
      "is_categorical": false,
      "possible_values": []
    },
    "outbound_arrival_time": {
      "description": "arrival time for the outbound leg flight",
      "is_categorical": false,
      "possible_values": []
    },
    "inbound_arrival_time": {
      "description": "arrival time for the return leg flight",
      "is_categorical": false,
      "possible_values": []
    },
    "inbound_departure_time": {
      "description": "departure time for the return leg flight",
      "is_categorical": false,
      "possible_values": []
    },
    "price": {
      "description": "price of the booking per passenger",
      "is_categorical": false,
      "possible_values": []
    },
    "refundable": {
      "description": "whether the booking is refundable or not",
      "is_categorical": true,
      "possible_values": [
        "true",
        "false"
      ]
    },
    "airlines": {
      "description": "name of airline",
      "is_categorical": true,
      "possible_values": [
        "united airlines",
        "american airlines",
        "delta airlines",
        "southwest airlines",
        "alaska airlines",
        "british airways",
        "air canada",
        "air france"
      ]
    }
  },
  "flights_2": {
    "passengers": {
      "description": "number of passengers to book tickets for",
      "is_categorical": true,
      "possible_values": [
        "1",
        "2",
        "3",
        "4"
      ]
    },
    "seating_class": {
      "description": "seating class for the flight tickets",
      "is_categorical": true,
      "possible_values": [
        "economy",
        "premium economy",
        "business",
        "first class"
      ]
    },
    "origin": {
      "description": "city of origin for the flight",
      "is_categorical": false,
      "possible_values": []
    },
    "destination": {
      "description": "city of destination for the flight",
      "is_categorical": false,
      "possible_values": []
    },
    "origin_airport": {
      "description": "airport where the flight is departing from",
      "is_categorical": false,
      "possible_values": []
    },
    "destination_airport": {
      "description": "airport where the flight is arriving to",
      "is_categorical": false,
      "possible_values": []
    },
    "departure_date": {
      "description": "date of departure flight on the ticket",
      "is_categorical": false,
      "possible_values": []
    },
    "return_date": {
      "description": "date of return flight on the ticket",
      "is_categorical": false,
      "possible_values": []
    },
    "number_stops": {
      "description": "number of stopovers made by the flight",
      "is_categorical": true,
      "possible_values": [
        "0",
        "1"
      ]
    },
    "outbound_departure_time": {
      "description": "departure time of the origin-destination flight",
      "is_categorical": false,
      "possible_values": []
    },
    "outbound_arrival_time": {
      "description": "arrival time of the origin-destination flight",
      "is_categorical": false,
      "possible_values": []
    },
    "inbound_arrival_time": {
      "description": "arrival time of the destination-origin flight",
      "is_categorical": false,
      "possible_values": []
    },
    "inbound_departure_time": {
      "description": "departure time of the destination-origin flight",
      "is_categorical": false,
      "possible_values": []
    },
    "fare": {
      "description": "ticket fare for each passenger",
      "is_categorical": false,
      "possible_values": []
    },
    "is_redeye": {
      "description": "boolean flag indicating whether the flight is a red-eye flight",
      "is_categorical": true,
      "possible_values": [
        "true",
        "false"
      ]
    },
    "airlines": {
      "description": "name of the airline to book with",
      "is_categorical": true,
      "possible_values": [
        "united airlines",
        "american airlines",
        "delta airlines",
        "southwest airlines",
        "alaska airlines",
        "british airways",
        "air canada",
        "air france"
      ]
    }
  },
  "homes_1": {
    "area": {
      "description": "city where the apartment is located",
      "is_categorical": false,
      "possible_values": []
    },
    "address": {
      "description": "address of the apartment",
      "is_categorical": false,
      "possible_values": []
    },
    "property_name": {
      "description": "name of the apartment",
      "is_categorical": false,
      "possible_values": []
    },
    "phone_number": {
      "description": "phone number of the apartment",
      "is_categorical": false,
      "possible_values": []
    },
    "furnished": {
      "description": "boolean flag indicating if the property is furnished",
      "is_categorical": true,
      "possible_values": [
        "true",
        "false"
      ]
    },
    "pets_allowed": {
      "description": "boolean flag indicating if pets are allowed",
      "is_categorical": true,
      "possible_values": [
        "true",
        "false"
      ]
    },
    "rent": {
      "description": "rent per month of the apartment",
      "is_categorical": false,
      "possible_values": []
    },
    "visit_date": {
      "description": "date for the visit to the apartment",
      "is_categorical": false,
      "possible_values": []
    },
    "number_of_beds": {
      "description": "number of bed rooms",
      "is_categorical": true,
      "possible_values": [
        "1",
        "2",
        "3",
        "4"
      ]
    },
    "number_of_baths": {
      "description": "number of baths in the apartment",
      "is_categorical": true,
      "possible_values": [
        "1",
        "2",
        "3",
        "4"
      ]
    }
  },
  "hotels_1": {
    "destination": {
      "description": "location of the hotel",
      "is_categorical": false,
      "possible_values": []
    },
    "number_of_rooms": {
      "description": "number of rooms in the reservation",
      "is_categorical": true,
      "possible_values": [
        "1",
        "2",
        "3"
      ]
    },
    "check_in_date": {
      "description": "start date for the reservation",
      "is_categorical": false,
      "possible_values": []
    },
    "number_of_days": {
      "description": "number of days in the reservation",
      "is_categorical": false,
      "possible_values": []
    },
    "star_rating": {
      "description": "star rating of the hotel",
      "is_categorical": true,
      "possible_values": [
        "1",
        "2",
        "3",
        "4",
        "5"
      ]
    },
    "hotel_name": {
      "description": "name of the hotel",
      "is_categorical": false,
      "possible_values": []
    },
    "street_address": {
      "description": "address of the hotel",
      "is_categorical": false,
      "possible_values": []
    },
    "phone_number": {
      "description": "phone number of the hotel",
      "is_categorical": false,
      "possible_values": []
    },
    "price_per_night": {
      "description": "price per night for the reservation",
      "is_categorical": false,
      "possible_values": []
    },
    "has_wifi": {
      "description": "boolean flag indicating if the hotel has wifi",
      "is_categorical": true,
      "possible_values": [
        "true",
        "false"
      ]
    }
  },
  "hotels_2": {
    "where_to": {
      "description": "location of the house",
      "is_categorical": false,
      "possible_values": []
    },
    "number_of_adults": {
      "description": "number of people for the reservation",
      "is_categorical": true,
      "possible_values": [
        "1",
        "2",
        "3",
        "4",
        "5"
      ]
    },
    "check_in_date": {
      "description": "start date for the reservation or to find the house",
      "is_categorical": false,
      "possible_values": []
    },
    "check_out_date": {
      "description": "end date for the reservation or to find the house",
      "is_categorical": false,
      "possible_values": []
    },
    "rating": {
      "description": "review rating of the house",
      "is_categorical": false,
      "possible_values": []
    },
    "address": {
      "description": "address of the house",
      "is_categorical": false,
      "possible_values": []
    },
    "phone_number": {
      "description": "phone number of the house",
      "is_categorical": false,
      "possible_values": []
    },
    "total_price": {
      "description": "price per night of the house",
      "is_categorical": false,
      "possible_values": []
    },
    "has_laundry_service": {
      "description": "boolean flag indicating if the house has laundry service",
      "is_categorical": true,
      "possible_values": [
        "true",
        "false"
      ]
    }
  },
  "hotels_3": {
    "location": {
      "description": "location of the hotel",
      "is_categorical": false,
      "possible_values": []
    },
    "number_of_rooms": {
      "description": "number of rooms to book",
      "is_categorical": true,
      "possible_values": [
        "1",
        "2",
        "3"
      ]
    },
    "check_in_date": {
      "description": "start date for the hotel reservation",
      "is_categorical": false,
      "possible_values": []
    },
    "check_out_date": {
      "description": "end date for the hotel reservation",
      "is_categorical": false,
      "possible_values": []
    },
    "average_rating": {
      "description": "average review rating for the hotel",
      "is_categorical": false,
      "possible_values": []
    },
    "hotel_name": {
      "description": "name of the hotel",
      "is_categorical": false,
      "possible_values": []
    },
    "street_address": {
      "description": "address of the hotel",
      "is_categorical": false,
      "possible_values": []
    },
    "phone_number": {
      "description": "phone number of the hotel",
      "is_categorical": false,
      "possible_values": []
    },
    "price": {
      "description": "total price for the stay",
      "is_categorical": false,
      "possible_values": []
    },
    "pets_welcome": {
      "description": "boolean flag indicating if pets are allowed in the hotel",
      "is_categorical": true,
      "possible_values": [
        "true",
        "false"
      ]
    }
  },
  "media_1": {
    "title": {
      "description": "title of the movie",
      "is_categorical": false,
      "possible_values": []
    },
    "genre": {
      "description": "genre of the movie",
      "is_categorical": false,
      "possible_values": []
    },
    "subtitles": {
      "description": "boolean flag indicating if subtitles are desired for this movie",
      "is_categorical": true,
      "possible_values": [
        "true",
        "false"
      ]
    },
    "directed_by": {
      "description": "name of the director of the movie",
      "is_categorical": false,
      "possible_values": []
    }
  },
  "movies_1": {
    "price": {
      "description": "price per ticket",
      "is_categorical": false,
      "possible_values": []
    },
    "number_of_tickets": {
      "description": "number of the movie tickets to be purchased",
      "is_categorical": true,
      "possible_values": [
        "1",
        "2",
        "3",
        "4",
        "5",
        "6",
        "7",
        "8",
        "9"
      ]
    },
    "show_type": {
      "description": "type of show",
      "is_categorical": true,
      "possible_values": [
        "regular",
        "3d",
        "imax"
      ]
    },
    "theater_name": {
      "description": "name of the theatre",
      "is_categorical": false,
      "possible_values": []
    },
    "show_time": {
      "description": "time of the show",
      "is_categorical": false,
      "possible_values": []
    },
    "show_date": {
      "description": "date of the show",
      "is_categorical": false,
      "possible_values": []
    },
    "genre": {
      "description": "genre of the movie",
      "is_categorical": false,
      "possible_values": []
    },
    "street_address": {
      "description": "address of the theatre",
      "is_categorical": false,
      "possible_values": []
    },
    "location": {
      "description": "city where the theatre is located",
      "is_categorical": false,
      "possible_values": []
    },
    "movie_name": {
      "description": "name of the movie",
      "is_categorical": false,
      "possible_values": []
    }
  },
  "music_1": {
    "song_name": {
      "description": "name of the song",
      "is_categorical": false,
      "possible_values": []
    },
    "artist": {
      "description": "artist who performed the song",
      "is_categorical": false,
      "possible_values": []
    },
    "album": {
      "description": "album the song belongs to",
      "is_categorical": false,
      "possible_values": []
    },
    "genre": {
      "description": "genre of the song",
      "is_categorical": false,
      "possible_values": []
    },
    "year": {
      "description": "year in which the song was released",
      "is_categorical": true,
      "possible_values": [
        "2010",
        "2011",
        "2012",
        "2013",
        "2014",
        "2015",
        "2016",
        "2017",
        "2018",
        "2019"
      ]
    },
    "playback_device": {
      "description": "playback device on which the song is to be played",
      "is_categorical": true,
      "possible_values": [
        "tv",
        "kitchen speaker",
        "bedroom speaker"
      ]
    }
  },
  "music_2": {
    "song_name": {
      "description": "name of the song",
      "is_categorical": false,
      "possible_values": []
    },
    "artist": {
      "description": "name of the artist the song is performed by",
      "is_categorical": false,
      "possible_values": []
    },
    "album": {
      "description": "album the song belongs to",
      "is_categorical": false,
      "possible_values": []
    },
    "genre": {
      "description": "genre of the song",
      "is_categorical": false,
      "possible_values": []
    },
    "playback_device": {
      "description": "playback device on which the song is to be played",
      "is_categorical": true,
      "possible_values": [
        "tv",
        "kitchen speaker",
        "bedroom speaker"
      ]
    }
  },
  "rentalcars_1": {
    "type": {
      "description": "category to which rental car belongs",
      "is_categorical": true,
      "possible_values": [
        "compact",
        "standard",
        "full-size"
      ]
    },
    "car_name": {
      "description": "model name of rental car",
      "is_categorical": false,
      "possible_values": []
    },
    "pickup_location": {
      "description": "location of rental car pickup",
      "is_categorical": false,
      "possible_values": []
    },
    "pickup_date": {
      "description": "date of rental car pickup",
      "is_categorical": false,
      "possible_values": []
    },
    "pickup_time": {
      "description": "time of rental car pickup",
      "is_categorical": false,
      "possible_values": []
    },
    "pickup_city": {
      "description": "city to pick up the rental car",
      "is_categorical": false,
      "possible_values": []
    },
    "dropoff_date": {
      "description": "date of rental car drop-off",
      "is_categorical": false,
      "possible_values": []
    },
    "total_price": {
      "description": "total price of car rental",
      "is_categorical": false,
      "possible_values": []
    }
  },
  "rentalcars_2": {
    "car_type": {
      "description": "type of car for rental",
      "is_categorical": true,
      "possible_values": [
        "compact",
        "standard",
        "full-size"
      ]
    },
    "car_name": {
      "description": "name of car model",
      "is_categorical": false,
      "possible_values": []
    },
    "pickup_location": {
      "description": "pickup location for car rental",
      "is_categorical": false,
      "possible_values": []
    },
    "pickup_date": {
      "description": "date of pickup for car rental",
      "is_categorical": false,
      "possible_values": []
    },
    "pickup_time": {
      "description": "time of pickup for car rental",
      "is_categorical": false,
      "possible_values": []
    },
    "pickup_city": {
      "description": "city in which to pick up rental car",
      "is_categorical": false,
      "possible_values": []
    },
    "dropoff_date": {
      "description": "end date of car rental reservation",
      "is_categorical": false,
      "possible_values": []
    },
    "total_price": {
      "description": "total price of rental reservation",
      "is_categorical": false,
      "possible_values": []
    }
  },
  "restaurants_1": {
    "restaurant_name": {
      "description": "name of the restaurant",
      "is_categorical": false,
      "possible_values": []
    },
    "date": {
      "description": "date for the reservation or to find availability",
      "is_categorical": false,
      "possible_values": []
    },
    "time": {
      "description": "time for the reservation or to find availability",
      "is_categorical": false,
      "possible_values": []
    },
    "serves_alcohol": {
      "description": "boolean flag indicating if the restaurant serves alcohol",
      "is_categorical": true,
      "possible_values": [
        "true",
        "false"
      ]
    },
    "has_live_music": {
      "description": "boolean flag indicating if the restaurant has live music",
      "is_categorical": true,
      "possible_values": [
        "true",
        "false"
      ]
    },
    "phone_number": {
      "description": "phone number of the restaurant",
      "is_categorical": false,
      "possible_values": []
    },
    "street_address": {
      "description": "address of the restaurant",
      "is_categorical": false,
      "possible_values": []
    },
    "party_size": {
      "description": "party size for a reservation",
      "is_categorical": true,
      "possible_values": [
        "1",
        "2",
        "3",
        "4",
        "5",
        "6"
      ]
    },
    "price_range": {
      "description": "price range for the restaurant",
      "is_categorical": true,
      "possible_values": [
        "inexpensive",
        "moderate",
        "expensive",
        "very expensive"
      ]
    },
    "city": {
      "description": "city in which the restaurant is located",
      "is_categorical": false,
      "possible_values": []
    },
    "cuisine": {
      "description": "cuisine of food served in the restaurant",
      "is_categorical": false,
      "possible_values": [
        "mexican",
        "chinese",
        "indian",
        "american",
        "italian"
      ]
    }
  },
  "ridesharing_1": {
    "destination": {
      "description": "destination for taxi ride",
      "is_categorical": false,
      "possible_values": []
    },
    "shared_ride": {
      "description": "boolean flag whether ride is shared with other passengers",
      "is_categorical": true,
      "possible_values": [
        "true",
        "false"
      ]
    },
    "ride_fare": {
      "description": "total fare for taxi ride",
      "is_categorical": false,
      "possible_values": []
    },
    "approximate_ride_duration": {
      "description": "approximate duration of ride to the destination",
      "is_categorical": false,
      "possible_values": []
    },
    "number_of_riders": {
      "description": "number of riders to call taxi for",
      "is_categorical": true,
      "possible_values": [
        "1",
        "2",
        "3",
        "4"
      ]
    }
  },
  "ridesharing_2": {
    "destination": {
      "description": "destination address or location for cab",
      "is_categorical": false,
      "possible_values": []
    },
    "ride_type": {
      "description": "type of cab ride",
      "is_categorical": true,
      "possible_values": [
        "pool",
        "regular",
        "luxury"
      ]
    },
    "ride_fare": {
      "description": "total fare for cab ride",
      "is_categorical": false,
      "possible_values": []
    },
    "wait_time": {
      "description": "expected waiting time for pick-up by cab",
      "is_categorical": false,
      "possible_values": []
    },
    "number_of_seats": {
      "description": "number of seats to reserve in the cab",
      "is_categorical": true,
      "possible_values": [
        "1",
        "2",
        "3",
        "4"
      ]
    }
  },
  "services_1": {
    "stylist_name": {
      "description": "name of the hair stylist/salon",
      "is_categorical": false,
      "possible_values": []
    },
    "phone_number": {
      "description": "phone number of the stylist/salon",
      "is_categorical": false,
      "possible_values": []
    },
    "average_rating": {
      "description": "average review rating for the stylist/salon",
      "is_categorical": false,
      "possible_values": []
    },
    "is_unisex": {
      "description": "boolean flag indicating if the salon is unisex",
      "is_categorical": true,
      "possible_values": [
        "true",
        "false"
      ]
    },
    "street_address": {
      "description": "address of the stylist/salon",
      "is_categorical": false,
      "possible_values": []
    },
    "city": {
      "description": "city where the salon is located",
      "is_categorical": false,
      "possible_values": []
    },
    "appointment_date": {
      "description": "date for the appointment",
      "is_categorical": false,
      "possible_values": []
    },
    "appointment_time": {
      "description": "time of the appointment",
      "is_categorical": false,
      "possible_values": []
    }
  },
  "services_2": {
    "dentist_name": {
      "description": "name of the dentist",
      "is_categorical": false,
      "possible_values": []
    },
    "phone_number": {
      "description": "phone number of the dentist",
      "is_categorical": false,
      "possible_values": []
    },
    "address": {
      "description": "address of the dentist",
      "is_categorical": false,
      "possible_values": []
    },
    "city": {
      "description": "city where the dentist is located",
      "is_categorical": false,
      "possible_values": []
    },
    "appointment_date": {
      "description": "date for the appointment",
      "is_categorical": false,
      "possible_values": []
    },
    "appointment_time": {
      "description": "time for the appointment",
      "is_categorical": false,
      "possible_values": []
    },
    "offers_cosmetic_services": {
      "description": "boolean flag indicating if the dentist offers cosmetic services",
      "is_categorical": true,
      "possible_values": [
        "true",
        "false"
      ]
    }
  },
  "services_3": {
    "doctor_name": {
      "description": "name of the doctor or the medical practice",
      "is_categorical": false,
      "possible_values": []
    },
    "phone_number": {
      "description": "contact number for the doctor or the medical practice",
      "is_categorical": false,
      "possible_values": []
    },
    "average_rating": {
      "description": "average review rating of the doctor",
      "is_categorical": false,
      "possible_values": []
    },
    "street_address": {
      "description": "address of the doctor",
      "is_categorical": false,
      "possible_values": []
    },
    "city": {
      "description": "city where the doctor is located",
      "is_categorical": false,
      "possible_values": []
    },
    "appointment_date": {
      "description": "date for scheduling the appointment with the doctor",
      "is_categorical": false,
      "possible_values": []
    },
    "appointment_time": {
      "description": "time for the appointment with the doctor",
      "is_categorical": false,
      "possible_values": []
    },
    "type": {
      "description": "speciality of the doctor",
      "is_categorical": true,
      "possible_values": [
        "gynecologist",
        "ent specialist",
        "ophthalmologist",
        "general practitioner",
        "dermatologist"
      ]
    }
  },
  "travel_1": {
    "location": {
      "description": "city or town where the attraction is located",
      "is_categorical": false,
      "possible_values": []
    },
    "attraction_name": {
      "description": "common name of the attraction",
      "is_categorical": false,
      "possible_values": []
    },
    "category": {
      "description": "category to which the attraction belongs",
      "is_categorical": true,
      "possible_values": [
        "place of worship",
        "theme park",
        "museum",
        "historical landmark",
        "park",
        "tourist attraction",
        "sports venue",
        "shopping area",
        "performing arts venue",
        "nature preserve"
      ]
    },
    "phone_number": {
      "description": "phone number to contact the attraction",
      "is_categorical": false,
      "possible_values": []
    },
    "free_entry": {
      "description": "boolean flag indicating whether entrance to attraction is free",
      "is_categorical": true,
      "possible_values": [
        "true",
        "false"
      ]
    },
    "good_for_kids": {
      "description": "boolean flag indicating whether attraction is good for to take kids to",
      "is_categorical": true,
      "possible_values": [
        "true",
        "false"
      ]
    }
  },
  "weather_1": {
    "precipitation": {
      "description": "the possibility of rain or snow in percentage",
      "is_categorical": false,
      "possible_values": []
    },
    "humidity": {
      "description": "percentage humidity",
      "is_categorical": false,
      "possible_values": []
    },
    "wind": {
      "description": "wind speed in miles per hour",
      "is_categorical": false,
      "possible_values": []
    },
    "temperature": {
      "description": "temperature in fahrenheit",
      "is_categorical": false,
      "possible_values": []
    },
    "city": {
      "description": "name of the city",
      "is_categorical": false,
      "possible_values": []
    },
    "date": {
      "description": "date for the weather",
      "is_categorical": false,
      "possible_values": []
    }
  },
  "alarm_1": {
    "alarm_time": {
      "description": "time of the alarm",
      "is_categorical": false,
      "possible_values": []
    },
    "alarm_name": {
      "description": "name of the alarm",
      "is_categorical": false,
      "possible_values": []
    },
    "new_alarm_time": {
      "description": "time to set for the new alarm",
      "is_categorical": false,
      "possible_values": []
    },
    "new_alarm_name": {
      "description": "name to use for the new alarm",
      "is_categorical": false,
      "possible_values": []
    }
  },
  "banks_2": {
    "account_type": {
      "description": "the user's account type",
      "is_categorical": true,
      "possible_values": [
        "checking",
        "savings"
      ]
    },
    "recipient_account_type": {
      "description": "the account type of the recipient to transfer the money to",
      "is_categorical": true,
      "possible_values": [
        "checking",
        "savings"
      ]
    },
    "account_balance": {
      "description": "the balance in the specified account",
      "is_categorical": false,
      "possible_values": []
    },
    "transfer_amount": {
      "description": "the amount of money to transfer",
      "is_categorical": false,
      "possible_values": []
    },
    "recipient_name": {
      "description": "the name of the recipient to transfer the money to",
      "is_categorical": false,
      "possible_values": []
    },
    "transfer_time": {
      "description": "number of days for the transfer to go through",
      "is_categorical": false,
      "possible_values": []
    }
  },
  "flights_3": {
    "passengers": {
      "description": "number of passengers to find flight seats for",
      "is_categorical": true,
      "possible_values": [
        "1",
        "2",
        "3",
        "4"
      ]
    },
    "flight_class": {
      "description": "fare class of flight booking",
      "is_categorical": true,
      "possible_values": [
        "economy",
        "premium economy",
        "business",
        "first class"
      ]
    },
    "origin_city": {
      "description": "city in which the journey originates",
      "is_categorical": false,
      "possible_values": []
    },
    "destination_city": {
      "description": "city in which the journey ends",
      "is_categorical": false,
      "possible_values": []
    },
    "origin_airport_name": {
      "description": "number of the airport flying out from",
      "is_categorical": false,
      "possible_values": []
    },
    "destination_airport_name": {
      "description": "number of the airport flying to",
      "is_categorical": false,
      "possible_values": []
    },
    "departure_date": {
      "description": "date of departure flight",
      "is_categorical": false,
      "possible_values": []
    },
    "return_date": {
      "description": "date of return flight",
      "is_categorical": false,
      "possible_values": []
    },
    "number_stops": {
      "description": "number of stops in the itinerary",
      "is_categorical": true,
      "possible_values": [
        "0",
        "1"
      ]
    },
    "outbound_departure_time": {
      "description": "local time of departure of flight from origin to destination",
      "is_categorical": false,
      "possible_values": []
    },
    "outbound_arrival_time": {
      "description": "local time of arrival of flight from origin to destination",
      "is_categorical": false,
      "possible_values": []
    },
    "inbound_arrival_time": {
      "description": "local time of arrival of flight from destination to origin",
      "is_categorical": false,
      "possible_values": []
    },
    "inbound_departure_time": {
      "description": "local time of departure of flight from destination to origin",
      "is_categorical": false,
      "possible_values": []
    },
    "price": {
      "description": "price per passenger of the itinerary",
      "is_categorical": false,
      "possible_values": []
    },
    "number_checked_bags": {
      "description": "number of bags to check in",
      "is_categorical": true,
      "possible_values": [
        "0",
        "1",
        "2"
      ]
    },
    "airlines": {
      "description": "name of airline operating the flight",
      "is_categorical": true,
      "possible_values": [
        "united airlines",
        "american airlines",
        "delta airlines",
        "southwest airlines",
        "alaska airlines",
        "british airways",
        "air canada",
        "air france"
      ]
    },
    "arrives_next_day": {
      "description": "whether the flight arrives the next day",
      "is_categorical": true,
      "possible_values": [
        "true",
        "false"
      ]
    }
  },
  "hotels_4": {
    "location": {
      "description": "city or town where the accommodation is located",
      "is_categorical": false,
      "possible_values": []
    },
    "number_of_rooms": {
      "description": "number of rooms to reserve",
      "is_categorical": true,
      "possible_values": [
        "1",
        "2",
        "3"
      ]
    },
    "check_in_date": {
      "description": "check in date for reservation",
      "is_categorical": false,
      "possible_values": []
    },
    "stay_length": {
      "description": "length of stay in days",
      "is_categorical": false,
      "possible_values": []
    },
    "star_rating": {
      "description": "star rating of the accommodation",
      "is_categorical": true,
      "possible_values": [
        "1",
        "2",
        "3",
        "4",
        "5"
      ]
    },
    "place_name": {
      "description": "name of the accommodation",
      "is_categorical": false,
      "possible_values": []
    },
    "street_address": {
      "description": "street address of the accommodation",
      "is_categorical": false,
      "possible_values": []
    },
    "phone_number": {
      "description": "contact phone number of the accommodation",
      "is_categorical": false,
      "possible_values": []
    },
    "price_per_night": {
      "description": "price per night for the stay",
      "is_categorical": false,
      "possible_values": []
    },
    "smoking_allowed": {
      "description": "whether or not smoking is allowed inside the place",
      "is_categorical": true,
      "possible_values": [
        "true",
        "false"
      ]
    }
  },
  "media_2": {
    "movie_name": {
      "description": "name of the movie",
      "is_categorical": false,
      "possible_values": []
    },
    "genre": {
      "description": "main genre of the movie",
      "is_categorical": false,
      "possible_values": []
    },
    "subtitle_language": {
      "description": "language to use for subtitles (or none for no subtitles)",
      "is_categorical": true,
      "possible_values": [
        "none",
        "english",
        "mandarin",
        "spanish"
      ]
    },
    "director": {
      "description": "name of the director of the movie",
      "is_categorical": false,
      "possible_values": []
    },
    "actors": {
      "description": "name of an actor starring in the movie",
      "is_categorical": false,
      "possible_values": []
    },
    "price": {
      "description": "cost of renting movie",
      "is_categorical": false,
      "possible_values": []
    }
  },
  "movies_2": {
    "title": {
      "description": "title for movie",
      "is_categorical": false,
      "possible_values": []
    },
    "genre": {
      "description": "genre of the movie",
      "is_categorical": false,
      "possible_values": []
    },
    "aggregate_rating": {
      "description": "aggregate user rating for movie, scale of 10",
      "is_categorical": false,
      "possible_values": []
    },
    "starring": {
      "description": "name of actor starring in movie",
      "is_categorical": false,
      "possible_values": []
    },
    "director": {
      "description": "name of director of the movie",
      "is_categorical": false,
      "possible_values": []
    }
  },
  "restaurants_2": {
    "restaurant_name": {
      "description": "name of the restaurant",
      "is_categorical": false,
      "possible_values": []
    },
    "date": {
      "description": "tentative date of restaurant reservation",
      "is_categorical": false,
      "possible_values": []
    },
    "time": {
      "description": "tentative time of restaurant reservation",
      "is_categorical": false,
      "possible_values": []
    },
    "has_seating_outdoors": {
      "description": "whether the restaurant has outdoor seating available",
      "is_categorical": true,
      "possible_values": [
        "true",
        "false"
      ]
    },
    "has_vegetarian_options": {
      "description": "whether the restaurant has adequate vegetarian options",
      "is_categorical": true,
      "possible_values": [
        "true",
        "false"
      ]
    },
    "phone_number": {
      "description": "phone number to contact restaurant",
      "is_categorical": false,
      "possible_values": []
    },
    "rating": {
      "description": "average user rating for restaurant on a scale of 5",
      "is_categorical": false,
      "possible_values": []
    },
    "address": {
      "description": "address of restaurant",
      "is_categorical": false,
      "possible_values": []
    },
    "number_of_seats": {
      "description": "number of seats to reserve at the restaurant",
      "is_categorical": true,
      "possible_values": [
        "1",
        "2",
        "3",
        "4",
        "5",
        "6"
      ]
    },
    "price_range": {
      "description": "price range for the restaurant",
      "is_categorical": true,
      "possible_values": [
        "cheap",
        "moderate",
        "pricey",
        "ultra high-end"
      ]
    },
    "location": {
      "description": "city where the restaurant is located",
      "is_categorical": false,
      "possible_values": []
    },
    "category": {
      "description": "the category of food offered by the restaurant",
      "is_categorical": false,
      "possible_values": []
    }
  },
  "services_4": {
    "therapist_name": {
      "description": "name of the therapist",
      "is_categorical": false,
      "possible_values": []
    },
    "phone_number": {
      "description": "contact number of the therapist",
      "is_categorical": false,
      "possible_values": []
    },
    "address": {
      "description": "address of the therapist",
      "is_categorical": false,
      "possible_values": []
    },
    "city": {
      "description": "area where user wants to search for a therapist",
      "is_categorical": false,
      "possible_values": []
    },
    "appointment_date": {
      "description": "date of the appointment",
      "is_categorical": false,
      "possible_values": []
    },
    "appointment_time": {
      "description": "time of the appointment",
      "is_categorical": false,
      "possible_values": []
    },
    "type": {
      "description": "type of the therapist",
      "is_categorical": true,
      "possible_values": [
        "psychologist",
        "family counselor",
        "psychiatrist"
      ]
    }
  },
  "buses_3": {
    "from_city": {
      "description": "the city to depart from",
      "is_categorical": false,
      "possible_values": []
    },
    "to_city": {
      "description": "the destination city of the trip",
      "is_categorical": false,
      "possible_values": []
    },
    "from_station": {
      "description": "name of station of departure",
      "is_categorical": false,
      "possible_values": []
    },
    "to_station": {
      "description": "name of station of arrival",
      "is_categorical": false,
      "possible_values": []
    },
    "departure_date": {
      "description": "the date of departure",
      "is_categorical": false,
      "possible_values": []
    },
    "departure_time": {
      "description": "the time of departure",
      "is_categorical": false,
      "possible_values": []
    },
    "price": {
      "description": "ticket price per passenger",
      "is_categorical": false,
      "possible_values": []
    },
    "additional_luggage": {
      "description": "whether to carry excess baggage in the bus",
      "is_categorical": true,
      "possible_values": [
        "true",
        "false"
      ]
    },
    "num_passengers": {
      "description": "the number of tickets for the trip",
      "is_categorical": true,
      "possible_values": [
        "1",
        "2",
        "3",
        "4",
        "5"
      ]
    },
    "category": {
      "description": "how many stops the route has",
      "is_categorical": true,
      "possible_values": [
        "direct",
        "one-stop"
      ]
    }
  },
  "events_3": {
    "event_type": {
      "description": "type of cultural event",
      "is_categorical": true,
      "possible_values": [
        "music",
        "theater"
      ]
    },
    "event_name": {
      "description": "name of artist or play",
      "is_categorical": false,
      "possible_values": []
    },
    "date": {
      "description": "date of event",
      "is_categorical": false,
      "possible_values": []
    },
    "time": {
      "description": "start time of event",
      "is_categorical": false,
      "possible_values": []
    },
    "number_of_tickets": {
      "description": "number of tickets to reserve for the event",
      "is_categorical": true,
      "possible_values": [
        "1",
        "2",
        "3",
        "4",
        "5",
        "6",
        "7",
        "8",
        "9"
      ]
    },
    "price_per_ticket": {
      "description": "price of each ticket",
      "is_categorical": false,
      "possible_values": []
    },
    "city": {
      "description": "city where the event is taking place",
      "is_categorical": false,
      "possible_values": []
    },
    "venue": {
      "description": "exact venue of event",
      "is_categorical": false,
      "possible_values": []
    },
    "venue_address": {
      "description": "street address of event venue",
      "is_categorical": false,
      "possible_values": []
    }
  },
  "flights_4": {
    "number_of_tickets": {
      "description": "the number of flight tickets for the trip",
      "is_categorical": true,
      "possible_values": [
        "1",
        "2",
        "3",
        "4"
      ]
    },
    "seating_class": {
      "description": "the cabin seat option",
      "is_categorical": true,
      "possible_values": [
        "economy",
        "premium economy",
        "business"
      ]
    },
    "origin_airport": {
      "description": "the name of the airport or city to depart from",
      "is_categorical": false,
      "possible_values": []
    },
    "destination_airport": {
      "description": "the name of the airport or city to arrive at",
      "is_categorical": false,
      "possible_values": []
    },
    "departure_date": {
      "description": "start date of the trip",
      "is_categorical": false,
      "possible_values": []
    },
    "return_date": {
      "description": "end date of the trip",
      "is_categorical": false,
      "possible_values": []
    },
    "is_nonstop": {
      "description": "whether the flight is a direct one",
      "is_categorical": true,
      "possible_values": [
        "true",
        "false"
      ]
    },
    "outbound_departure_time": {
      "description": "departure time of the flight flying to the destination",
      "is_categorical": false,
      "possible_values": []
    },
    "outbound_arrival_time": {
      "description": "arrival time of the flight flying to the destination",
      "is_categorical": false,
      "possible_values": []
    },
    "inbound_arrival_time": {
      "description": "arrival time of the flight coming back from the trip",
      "is_categorical": false,
      "possible_values": []
    },
    "inbound_departure_time": {
      "description": "departure time of the flight coming back from the trip",
      "is_categorical": false,
      "possible_values": []
    },
    "price": {
      "description": "the total cost of the flight tickets",
      "is_categorical": false,
      "possible_values": []
    },
    "airlines": {
      "description": "the company that provides air transport services",
      "is_categorical": true,
      "possible_values": [
        "united airlines",
        "american airlines",
        "delta airlines",
        "southwest airlines",
        "alaska airlines",
        "british airways",
        "air canada",
        "air france",
        "south african airways",
        "lot polish airlines",
        "latam brasil"
      ]
    }
  },
  "homes_2": {
    "intent": {
      "description": "whether to buy or rent a property",
      "is_categorical": true,
      "possible_values": [
        "rent",
        "buy"
      ]
    },
    "area": {
      "description": "city where the property is located",
      "is_categorical": false,
      "possible_values": []
    },
    "address": {
      "description": "street address of property",
      "is_categorical": false,
      "possible_values": []
    },
    "property_name": {
      "description": "name of property or apartment complex",
      "is_categorical": false,
      "possible_values": []
    },
    "phone_number": {
      "description": "contact number of property or apartment complex",
      "is_categorical": false,
      "possible_values": []
    },
    "has_garage": {
      "description": "whether the property has a garage",
      "is_categorical": true,
      "possible_values": [
        "true",
        "false"
      ]
    },
    "in_unit_laundry": {
      "description": "whether the property has in-unit laundry facilities",
      "is_categorical": true,
      "possible_values": [
        "true",
        "false"
      ]
    },
    "price": {
      "description": "sale price or per-month rent of property",
      "is_categorical": false,
      "possible_values": []
    },
    "visit_date": {
      "description": "date for visit to the property",
      "is_categorical": false,
      "possible_values": []
    },
    "number_of_beds": {
      "description": "number of bedrooms in the property",
      "is_categorical": true,
      "possible_values": [
        "1",
        "2",
        "3",
        "4"
      ]
    },
    "number_of_baths": {
      "description": "number of bathroom in the property",
      "is_categorical": true,
      "possible_values": [
        "1",
        "2",
        "3",
        "4"
      ]
    }
  },
  "media_3": {
    "title": {
      "description": "title of the movie",
      "is_categorical": false,
      "possible_values": []
    },
    "genre": {
      "description": "category of the content",
      "is_categorical": false,
      "possible_values": []
    },
    "subtitle_language": {
      "description": "language of the subtitles",
      "is_categorical": true,
      "possible_values": [
        "english",
        "spanish",
        "hindi",
        "french"
      ]
    },
    "starring": {
      "description": "celebs acting in the movie",
      "is_categorical": false,
      "possible_values": []
    }
  },
  "messaging_1": {
    "location": {
      "description": "location to share with contact",
      "is_categorical": false,
      "possible_values": []
    },
    "contact_name": {
      "description": "name of contact to send to",
      "is_categorical": false,
      "possible_values": []
    }
  },
  "movies_3": {
    "movie_title": {
      "description": "name of the movie",
      "is_categorical": false,
      "possible_values": []
    },
    "genre": {
      "description": "type of the movie",
      "is_categorical": false,
      "possible_values": []
    },
    "percent_rating": {
      "description": "average critic percentage rating",
      "is_categorical": false,
      "possible_values": []
    },
    "cast": {
      "description": "actors in the movie",
      "is_categorical": false,
      "possible_values": []
    },
    "directed_by": {
      "description": "director of the movie",
      "is_categorical": false,
      "possible_values": []
    }
  },
  "music_3": {
    "track": {
      "description": "name of the song",
      "is_categorical": false,
      "possible_values": []
    },
    "artist": {
      "description": "performer's name",
      "is_categorical": false,
      "possible_values": []
    },
    "album": {
      "description": "collection of the song",
      "is_categorical": false,
      "possible_values": []
    },
    "genre": {
      "description": "type of the music",
      "is_categorical": false,
      "possible_values": []
    },
    "year": {
      "description": "year when the song was first released",
      "is_categorical": true,
      "possible_values": [
        "2010",
        "2011",
        "2012",
        "2013",
        "2014",
        "2015",
        "2016",
        "2017",
        "2018",
        "2019"
      ]
    },
    "device": {
      "description": "place or name of the media player to play the song selected",
      "is_categorical": true,
      "possible_values": [
        "living room",
        "kitchen",
        "patio"
      ]
    }
  },
  "payment_1": {
    "payment_method": {
      "description": "the source of money used for making the payment",
      "is_categorical": true,
      "possible_values": [
        "app balance",
        "debit card",
        "credit card"
      ]
    },
    "amount": {
      "description": "the amount of money to send or request",
      "is_categorical": false,
      "possible_values": []
    },
    "receiver": {
      "description": "name of the contact or account to make the transaction with",
      "is_categorical": false,
      "possible_values": []
    },
    "private_visibility": {
      "description": "whether the transaction is private or not",
      "is_categorical": true,
      "possible_values": [
        "true",
        "false"
      ]
    }
  },
  "rentalcars_3": {
    "car_type": {
      "description": "type of the car",
      "is_categorical": true,
      "possible_values": [
        "hatchback",
        "sedan",
        "suv"
      ]
    },
    "car_name": {
      "description": "car model",
      "is_categorical": false,
      "possible_values": []
    },
    "pickup_location": {
      "description": "place to pick up the car",
      "is_categorical": false,
      "possible_values": []
    },
    "start_date": {
      "description": "the first date to start using the rental car",
      "is_categorical": false,
      "possible_values": []
    },
    "pickup_time": {
      "description": "time for the pick-up",
      "is_categorical": false,
      "possible_values": []
    },
    "city": {
      "description": "city where you want to rent the car",
      "is_categorical": false,
      "possible_values": []
    },
    "end_date": {
      "description": "the date to return the car",
      "is_categorical": false,
      "possible_values": []
    },
    "price_per_day": {
      "description": "the cost for renting the car per day",
      "is_categorical": false,
      "possible_values": []
    },
    "add_insurance": {
      "description": "whether to purchase insurance",
      "is_categorical": true,
      "possible_values": [
        "true",
        "false"
      ]
    }
  },
  "trains_1": {
    "from": {
      "description": "starting city for train journey",
      "is_categorical": false,
      "possible_values": []
    },
    "to": {
      "description": "ending city for train journey",
      "is_categorical": false,
      "possible_values": []
    },
    "from_station": {
      "description": "name of station at starting city",
      "is_categorical": false,
      "possible_values": []
    },
    "to_station": {
      "description": "name of station at ending city",
      "is_categorical": false,
      "possible_values": []
    },
    "date_of_journey": {
      "description": "date of train journey",
      "is_categorical": false,
      "possible_values": []
    },
    "journey_start_time": {
      "description": "time of start of train journey",
      "is_categorical": false,
      "possible_values": []
    },
    "total": {
      "description": "total price of train reservation",
      "is_categorical": false,
      "possible_values": []
    },
    "number_of_adults": {
      "description": "number of adults to reserve train tickets for",
      "is_categorical": true,
      "possible_values": [
        "1",
        "2",
        "3",
        "4",
        "5"
      ]
    },
    "class": {
      "description": "fare class for train reservation",
      "is_categorical": true,
      "possible_values": [
        "value",
        "flexible",
        "business"
      ]
    },
    "trip_protection": {
      "description": "whether to add trip protection to reservation, for a fee",
      "is_categorical": true,
      "possible_values": [
        "true",
        "false"
      ]
    }
  }
}